Image,Class
image100.jpg,Food
image10001.jpg,Food
image10005.jpg,Food
image10008.jpg,Attire
image10009.jpg,misc
image10010.jpg,misc
image10012.jpg,Attire
image10014.jpg,Food
image10023.jpg,misc
image10024.jpg,Food
image10026.jpg,Food
image10027.jpg,Attire
image10028.jpg,Food
image10031.jpg,Food
image10037.jpg,Food
image10039.jpg,Food
image10040.jpg,Attire
image10044.jpg,Food
image10046.jpg,Food
image10047.jpg,Food
image10049.jpg,Food
image10050.jpg,Attire
image10051.jpg,Attire
image10052.jpg,Attire
image10053.jpg,misc
image10056.jpg,misc
image10062.jpg,Food
image10064.jpg,Attire
image10065.jpg,Attire
image10067.jpg,Attire
image10072.jpg,Food
image10073.jpg,Attire
image10074.jpg,Attire
image10076.jpg,Food
image10077.jpg,Attire
image10079.jpg,Attire
image10081.jpg,Food
image10082.jpg,Food
image10084.jpg,Attire
image10088.jpg,Food
image10093.jpg,Attire
image10094.jpg,Food
image10098.jpg,Food
image10099.jpg,Decorationandsignage
image10102.jpg,Attire
image10103.jpg,Food
image10105.jpg,misc
image10114.jpg,Food
image10115.jpg,Food
image10119.jpg,Food
image10123.jpg,Food
image10124.jpg,Attire
image1013.jpg,Decorationandsignage
image10133.jpg,Food
image10142.jpg,Attire
image10143.jpg,Food
image10145.jpg,misc
image10146.jpg,misc
image10147.jpg,Attire
image10150.jpg,Food
image10151.jpg,Food
image10157.jpg,Food
image10158.jpg,Food
image10159.jpg,misc
image10163.jpg,Food
image10164.jpg,Food
image10166.jpg,Food
image10169.jpg,Food
image10170.jpg,Attire
image10178.jpg,misc
image10182.jpg,Food
image10183.jpg,Food
image10191.jpg,Attire
image10194.jpg,misc
image10200.jpg,Food
image10201.jpg,Attire
image10206.jpg,Food
image10207.jpg,Attire
image10210.jpg,Attire
image10217.jpg,Food
image10219.jpg,Food
image1022.jpg,Food
image10222.jpg,Food
image10224.jpg,misc
image10228.jpg,misc
image10230.jpg,Attire
image10231.jpg,misc
image10236.jpg,Decorationandsignage
image10238.jpg,misc
image1024.jpg,Food
image10240.jpg,Attire
image10241.jpg,Attire
image10242.jpg,Food
image10245.jpg,Food
image10246.jpg,Food
image10249.jpg,Food
image10250.jpg,Food
image10252.jpg,Decorationandsignage
image10261.jpg,Attire
image10269.jpg,misc
image1027.jpg,misc
image10271.jpg,Attire
image10275.jpg,Food
image10278.jpg,Food
image10292.jpg,Food
image10294.jpg,Attire
image10297.jpg,Attire
image10300.jpg,Food
image10302.jpg,Food
image10304.jpg,Attire
image10305.jpg,Food
image10307.jpg,Attire
image10309.jpg,Food
image10314.jpg,misc
image10317.jpg,Food
image10319.jpg,Decorationandsignage
image10324.jpg,Food
image10327.jpg,Attire
image10330.jpg,Food
image10340.jpg,Attire
image10342.jpg,misc
image10349.jpg,misc
image1035.jpg,Attire
image10350.jpg,Attire
image10354.jpg,Attire
image10357.jpg,misc
image1036.jpg,Food
image10360.jpg,Attire
image10363.jpg,Decorationandsignage
image10364.jpg,Food
image10365.jpg,Food
image10366.jpg,Food
image10367.jpg,Food
image1037.jpg,Food
image10370.jpg,Food
image10376.jpg,Food
image10379.jpg,Attire
image1038.jpg,Attire
image10388.jpg,misc
image1039.jpg,Attire
image10394.jpg,Attire
image10397.jpg,Attire
image10406.jpg,Food
image10407.jpg,Food
image10408.jpg,Food
image10409.jpg,Food
image10410.jpg,Attire
image10411.jpg,Food
image10416.jpg,Food
image10417.jpg,Food
image10418.jpg,Food
image10420.jpg,misc
image10421.jpg,Food
image10426.jpg,Food
image10427.jpg,Attire
image10429.jpg,Attire
image10430.jpg,misc
image10433.jpg,Food
image10436.jpg,misc
image10444.jpg,Food
image10447.jpg,Food
image10450.jpg,Food
image10451.jpg,Attire
image10452.jpg,Food
image10455.jpg,Food
image10456.jpg,Attire
image10457.jpg,Food
image10459.jpg,misc
image10461.jpg,misc
image10468.jpg,Decorationandsignage
image10469.jpg,Decorationandsignage
image10474.jpg,Food
image10477.jpg,Food
image10478.jpg,Attire
image10481.jpg,Attire
image10484.jpg,misc
image10486.jpg,Food
image1049.jpg,Attire
image10491.jpg,Attire
image10497.jpg,Food
image1050.jpg,Attire
image10501.jpg,misc
image10505.jpg,misc
image10508.jpg,misc
image10510.jpg,misc
image10517.jpg,Food
image10518.jpg,Food
image10519.jpg,Food
image1052.jpg,misc
image10520.jpg,Attire
image10521.jpg,Attire
image10524.jpg,Attire
image10529.jpg,Attire
image1053.jpg,Attire
image10530.jpg,Food
image10537.jpg,Food
image10539.jpg,Food
image1054.jpg,Food
image10541.jpg,Attire
image10542.jpg,Attire
image10548.jpg,Attire
image1055.jpg,Food
image10552.jpg,misc
image10555.jpg,Food
image10558.jpg,Decorationandsignage
image1056.jpg,Food
image10562.jpg,misc
image10567.jpg,Attire
image10568.jpg,Food
image1057.jpg,Decorationandsignage
image10570.jpg,Decorationandsignage
image10576.jpg,Food
image10579.jpg,misc
image1058.jpg,misc
image10583.jpg,Attire
image10586.jpg,misc
image1059.jpg,Attire
image10590.jpg,Attire
image10591.jpg,Food
image10596.jpg,misc
image10598.jpg,Food
image10604.jpg,Food
image10607.jpg,Food
image10611.jpg,Decorationandsignage
image10613.jpg,Attire
image10616.jpg,Food
image10617.jpg,Food
image10618.jpg,Decorationandsignage
image10622.jpg,Food
image10623.jpg,Attire
image10624.jpg,Attire
image10625.jpg,Food
image10628.jpg,misc
image10632.jpg,Food
image10634.jpg,Food
image10637.jpg,misc
image10640.jpg,Food
image10643.jpg,Decorationandsignage
image10645.jpg,Attire
image10648.jpg,Food
image10650.jpg,Food
image10653.jpg,Food
image10654.jpg,Attire
image10659.jpg,Attire
image10662.jpg,Attire
image10664.jpg,misc
image10669.jpg,Food
image10670.jpg,Decorationandsignage
image10671.jpg,Food
image10682.jpg,Attire
image10685.jpg,misc
image10688.jpg,Food
image10691.jpg,Food
image10694.jpg,Food
image10695.jpg,Decorationandsignage
image10697.jpg,Food
image107.jpg,Attire
image10700.jpg,Food
image10718.jpg,Food
image1072.jpg,Food
image10721.jpg,Food
image10725.jpg,Decorationandsignage
image10731.jpg,Decorationandsignage
image10736.jpg,Food
image10737.jpg,misc
image10739.jpg,Decorationandsignage
image1074.jpg,Attire
image10740.jpg,Food
image10743.jpg,Attire
image10744.jpg,Food
image10746.jpg,Food
image10747.jpg,Food
image10748.jpg,Decorationandsignage
image10749.jpg,Food
image1075.jpg,misc
image10752.jpg,Attire
image10755.jpg,misc
image10756.jpg,Attire
image10760.jpg,Food
image10761.jpg,Food
image10764.jpg,Decorationandsignage
image10765.jpg,Food
image10768.jpg,Attire
image1077.jpg,Food
image10770.jpg,Attire
image10772.jpg,Food
image10774.jpg,Food
image10777.jpg,misc
image10780.jpg,Decorationandsignage
image10784.jpg,Food
image10788.jpg,Food
image10789.jpg,Attire
image1079.jpg,Food
image108.jpg,Attire
image10804.jpg,Attire
image10809.jpg,Decorationandsignage
image10810.jpg,Food
image10813.jpg,Food
image10819.jpg,Food
image1082.jpg,misc
image10821.jpg,Attire
image10825.jpg,misc
image10827.jpg,Food
image10828.jpg,Food
image10829.jpg,Food
image10830.jpg,misc
image10831.jpg,Decorationandsignage
image10832.jpg,misc
image10835.jpg,Decorationandsignage
image10836.jpg,Food
image10837.jpg,misc
image1084.jpg,Food
image10845.jpg,Food
image10846.jpg,misc
image10850.jpg,Food
image10858.jpg,Food
image10859.jpg,misc
image10860.jpg,Food
image10867.jpg,Food
image1087.jpg,misc
image10871.jpg,Food
image10872.jpg,Food
image10874.jpg,misc
image10876.jpg,Attire
image10877.jpg,misc
image10884.jpg,Food
image10886.jpg,Decorationandsignage
image10889.jpg,Attire
image109.jpg,misc
image1092.jpg,Decorationandsignage
image1096.jpg,Attire
image1098.jpg,misc
image1103.jpg,Attire
image1108.jpg,Attire
image1111.jpg,Food
image1112.jpg,misc
image1118.jpg,Attire
image1120.jpg,Decorationandsignage
image1121.jpg,Food
image1123.jpg,Food
image1124.jpg,Attire
image1137.jpg,Decorationandsignage
image114.jpg,Food
image1142.jpg,Food
image1146.jpg,Food
image1151.jpg,Attire
image1152.jpg,Attire
image1163.jpg,Decorationandsignage
image1165.jpg,misc
image1168.jpg,Attire
image117.jpg,Attire
image1175.jpg,Attire
image1181.jpg,Decorationandsignage
image119.jpg,Attire
image1193.jpg,misc
image1195.jpg,Food
image1198.jpg,Attire
image120.jpg,misc
image1202.jpg,Attire
image1203.jpg,Food
image1206.jpg,Attire
image1207.jpg,misc
image1209.jpg,Food
image1215.jpg,Food
image122.jpg,Attire
image1220.jpg,Food
image1223.jpg,Food
image1224.jpg,Food
image1231.jpg,Food
image1232.jpg,Food
image1235.jpg,Food
image1236.jpg,Food
image1238.jpg,misc
image1240.jpg,Decorationandsignage
image1243.jpg,Food
image1245.jpg,Decorationandsignage
image1247.jpg,misc
image1248.jpg,Food
image1250.jpg,Food
image1258.jpg,Attire
image1259.jpg,Food
image126.jpg,Food
image1260.jpg,misc
image1262.jpg,Food
image1263.jpg,Decorationandsignage
image1267.jpg,Food
image1277.jpg,misc
image1284.jpg,Food
image1287.jpg,Attire
image1291.jpg,Food
image130.jpg,Food
image1303.jpg,Food
image1306.jpg,misc
image1312.jpg,misc
image1318.jpg,Food
image132.jpg,Food
image1320.jpg,Decorationandsignage
image1323.jpg,misc
image1325.jpg,Attire
image1328.jpg,Decorationandsignage
image133.jpg,Attire
image1330.jpg,Food
image1332.jpg,Food
image1333.jpg,Food
image1335.jpg,Attire
image1341.jpg,Attire
image1342.jpg,Food
image1346.jpg,Attire
image1351.jpg,Decorationandsignage
image1355.jpg,Food
image1356.jpg,misc
image1359.jpg,Food
image1361.jpg,Decorationandsignage
image1362.jpg,misc
image1370.jpg,misc
image1375.jpg,misc
image1377.jpg,Decorationandsignage
image1385.jpg,Food
image1391.jpg,Attire
image1399.jpg,Attire
image141.jpg,Attire
image1410.jpg,Decorationandsignage
image1417.jpg,Food
image1426.jpg,Attire
image1429.jpg,Attire
image143.jpg,Food
image1430.jpg,misc
image1432.jpg,misc
image1439.jpg,Attire
image1449.jpg,Attire
image145.jpg,Food
image1452.jpg,Food
image1460.jpg,Food
image1465.jpg,Food
image1466.jpg,Food
image1468.jpg,misc
image1471.jpg,Attire
image1477.jpg,Food
image1478.jpg,Attire
image1479.jpg,Food
image148.jpg,Attire
image1480.jpg,Attire
image1486.jpg,Attire
image1490.jpg,misc
image1491.jpg,Food
image1492.jpg,Food
image1496.jpg,Food
image1497.jpg,Decorationandsignage
image1498.jpg,Attire
image1501.jpg,Attire
image1503.jpg,Food
image1512.jpg,Decorationandsignage
image1516.jpg,Food
image1519.jpg,Decorationandsignage
image152.jpg,Food
image1523.jpg,Food
image1524.jpg,Food
image1525.jpg,misc
image153.jpg,Decorationandsignage
image1530.jpg,Food
image1534.jpg,misc
image1535.jpg,Food
image1539.jpg,Food
image154.jpg,Attire
image1540.jpg,Attire
image1544.jpg,misc
image1546.jpg,Decorationandsignage
image1549.jpg,Food
image155.jpg,Decorationandsignage
image1552.jpg,Attire
image1553.jpg,misc
image1556.jpg,misc
image1558.jpg,Attire
image156.jpg,Attire
image1562.jpg,Food
image1565.jpg,misc
image1569.jpg,Attire
image1570.jpg,Food
image1572.jpg,Food
image1573.jpg,Food
image1576.jpg,Food
image1580.jpg,Decorationandsignage
image1588.jpg,Food
image1591.jpg,Decorationandsignage
image1594.jpg,Food
image1597.jpg,misc
image1601.jpg,misc
image1602.jpg,Food
image1603.jpg,Food
image1609.jpg,misc
image1613.jpg,Attire
image1618.jpg,misc
image1624.jpg,misc
image1625.jpg,Food
image1629.jpg,Attire
image1642.jpg,misc
image1643.jpg,Food
image1644.jpg,Food
image1649.jpg,Food
image1650.jpg,Attire
image1653.jpg,Food
image1654.jpg,misc
image1662.jpg,Food
image1665.jpg,Attire
image1666.jpg,Decorationandsignage
image1673.jpg,Food
image1674.jpg,Attire
image1691.jpg,Attire
image1692.jpg,Food
image1695.jpg,Attire
image1696.jpg,misc
image171.jpg,Attire
image1716.jpg,Food
image1718.jpg,misc
image1721.jpg,Attire
image1722.jpg,Food
image1730.jpg,Food
image1731.jpg,Attire
image1736.jpg,Food
image1737.jpg,Food
image175.jpg,Food
image1752.jpg,misc
image1756.jpg,Food
image176.jpg,Attire
image1766.jpg,Attire
image1767.jpg,Food
image1768.jpg,misc
image1773.jpg,Food
image1774.jpg,misc
image1775.jpg,Food
image1778.jpg,misc
image178.jpg,Food
image1781.jpg,Food
image1783.jpg,Food
image1788.jpg,Decorationandsignage
image1791.jpg,Decorationandsignage
image1795.jpg,Attire
image1797.jpg,Food
image1804.jpg,Food
image1813.jpg,Decorationandsignage
image1815.jpg,Attire
image1816.jpg,Attire
image1822.jpg,Food
image1826.jpg,Food
image1828.jpg,Attire
image1829.jpg,Attire
image1831.jpg,Attire
image1840.jpg,Food
image1846.jpg,Decorationandsignage
image1855.jpg,Food
image1856.jpg,Attire
image1857.jpg,Attire
image1869.jpg,misc
image1871.jpg,Food
image1872.jpg,Decorationandsignage
image1874.jpg,misc
image1886.jpg,Attire
image1887.jpg,Food
image1897.jpg,Attire
image1902.jpg,Food
image1906.jpg,misc
image1915.jpg,Food
image1917.jpg,Decorationandsignage
image1920.jpg,Food
image1924.jpg,Decorationandsignage
image1926.jpg,Attire
image1927.jpg,Attire
image1929.jpg,Attire
image1938.jpg,Food
image194.jpg,Attire
image1943.jpg,misc
image1948.jpg,Decorationandsignage
image1954.jpg,Food
image1958.jpg,Attire
image1960.jpg,Food
image1961.jpg,Food
image1962.jpg,Decorationandsignage
image1964.jpg,Decorationandsignage
image1969.jpg,misc
image197.jpg,misc
image1978.jpg,Food
image1982.jpg,misc
image1984.jpg,Decorationandsignage
image1985.jpg,Food
image1990.jpg,Food
image1993.jpg,Attire
image1994.jpg,misc
image2001.jpg,misc
image2007.jpg,Attire
image2013.jpg,Attire
image2024.jpg,Decorationandsignage
image2028.jpg,Food
image2032.jpg,Food
image2035.jpg,Attire
image2038.jpg,misc
image2039.jpg,Food
image2041.jpg,Attire
image2045.jpg,Food
image2049.jpg,Food
image2052.jpg,Attire
image2053.jpg,Food
image2054.jpg,Food
image2058.jpg,Food
image206.jpg,Attire
image2064.jpg,Food
image2085.jpg,Food
image209.jpg,Attire
image2091.jpg,misc
image2096.jpg,Attire
image2107.jpg,Food
image2109.jpg,Attire
image2111.jpg,Decorationandsignage
image2116.jpg,misc
image2118.jpg,Food
image2129.jpg,Food
image213.jpg,Decorationandsignage
image2130.jpg,misc
image2133.jpg,Decorationandsignage
image2134.jpg,misc
image2135.jpg,misc
image2137.jpg,misc
image2138.jpg,Food
image2139.jpg,Attire
image2142.jpg,misc
image2145.jpg,Attire
image2146.jpg,Attire
image2148.jpg,Decorationandsignage
image2149.jpg,misc
image215.jpg,Food
image2152.jpg,misc
image2154.jpg,Food
image2155.jpg,Attire
image2159.jpg,Attire
image2165.jpg,Food
image2167.jpg,Food
image217.jpg,Attire
image2172.jpg,Attire
image2175.jpg,Food
image2177.jpg,Decorationandsignage
image2179.jpg,Attire
image218.jpg,Attire
image2184.jpg,misc
image2194.jpg,misc
image22.jpg,Attire
image2205.jpg,Food
image2207.jpg,misc
image2216.jpg,Attire
image2217.jpg,Food
image2220.jpg,Decorationandsignage
image2221.jpg,Attire
image2226.jpg,Decorationandsignage
image2233.jpg,Attire
image2237.jpg,Decorationandsignage
image2238.jpg,Attire
image2242.jpg,Food
image2243.jpg,Food
image2252.jpg,Attire
image2253.jpg,Attire
image2256.jpg,Attire
image226.jpg,misc
image2274.jpg,Food
image2276.jpg,Food
image2278.jpg,Food
image2279.jpg,misc
image2280.jpg,Decorationandsignage
image2281.jpg,Food
image2284.jpg,Attire
image2286.jpg,misc
image2287.jpg,Food
image2292.jpg,misc
image2297.jpg,Food
image2314.jpg,misc
image2317.jpg,Food
image2320.jpg,Attire
image2323.jpg,misc
image2325.jpg,Attire
image2327.jpg,Attire
image2330.jpg,Food
image2331.jpg,Food
image2333.jpg,Food
image2335.jpg,Decorationandsignage
image2337.jpg,Decorationandsignage
image2338.jpg,Food
image2339.jpg,Food
image234.jpg,Attire
image2343.jpg,Attire
image2344.jpg,misc
image2349.jpg,Food
image2352.jpg,Attire
image2354.jpg,Food
image2359.jpg,Decorationandsignage
image2360.jpg,Decorationandsignage
image2363.jpg,misc
image2365.jpg,Food
image2368.jpg,Food
image2372.jpg,Food
image2376.jpg,misc
image238.jpg,Food
image2382.jpg,Decorationandsignage
image2386.jpg,Attire
image2387.jpg,Food
image239.jpg,Attire
image2391.jpg,Food
image2400.jpg,Food
image241.jpg,Decorationandsignage
image2410.jpg,Food
image2422.jpg,Attire
image2423.jpg,Food
image2425.jpg,Food
image2427.jpg,Attire
image2428.jpg,Food
image2430.jpg,Attire
image2432.jpg,Attire
image2435.jpg,Decorationandsignage
image244.jpg,Food
image2440.jpg,Food
image2441.jpg,Food
image2442.jpg,Food
image2444.jpg,Food
image2445.jpg,misc
image2448.jpg,Food
image2457.jpg,Decorationandsignage
image2461.jpg,misc
image2465.jpg,misc
image2467.jpg,Food
image2475.jpg,Decorationandsignage
image2479.jpg,misc
image2483.jpg,Food
image2493.jpg,Food
image2497.jpg,Decorationandsignage
image2500.jpg,Food
image2503.jpg,Decorationandsignage
image2504.jpg,Food
image2505.jpg,Decorationandsignage
image2507.jpg,Food
image2509.jpg,Food
image2510.jpg,Attire
image2511.jpg,Decorationandsignage
image2518.jpg,misc
image252.jpg,Attire
image2520.jpg,Attire
image2524.jpg,Food
image2528.jpg,Attire
image2540.jpg,Attire
image2543.jpg,misc
image2544.jpg,Food
image2548.jpg,Decorationandsignage
image255.jpg,Attire
image2550.jpg,misc
image2552.jpg,Food
image256.jpg,Food
image2565.jpg,Food
image2566.jpg,misc
image2570.jpg,misc
image2575.jpg,Food
image2579.jpg,Food
image2580.jpg,Food
image2593.jpg,misc
image2595.jpg,Attire
image2597.jpg,Attire
image2601.jpg,Food
image2608.jpg,Attire
image2610.jpg,Food
image2611.jpg,misc
image2613.jpg,misc
image2619.jpg,Attire
image2621.jpg,Attire
image2627.jpg,misc
image2633.jpg,Food
image2634.jpg,Attire
image2639.jpg,Food
image2640.jpg,Food
image2641.jpg,Food
image2643.jpg,Attire
image2650.jpg,Food
image2653.jpg,Decorationandsignage
image2659.jpg,Food
image2665.jpg,misc
image2666.jpg,Food
image2668.jpg,Food
image2675.jpg,Food
image2682.jpg,Food
image2684.jpg,Food
image269.jpg,Attire
image2690.jpg,Food
image2700.jpg,Attire
image2701.jpg,Decorationandsignage
image2702.jpg,Food
image2708.jpg,Attire
image271.jpg,Attire
image2711.jpg,Attire
image2719.jpg,Attire
image272.jpg,Food
image2722.jpg,Food
image2726.jpg,Attire
image2728.jpg,Attire
image2729.jpg,Food
image2730.jpg,misc
image2731.jpg,Food
image2736.jpg,Food
image2738.jpg,Food
image2739.jpg,Attire
image2742.jpg,Food
image2745.jpg,misc
image2747.jpg,Attire
image2748.jpg,misc
image2750.jpg,Attire
image2751.jpg,Food
image2753.jpg,Attire
image2757.jpg,Food
image2759.jpg,misc
image2762.jpg,Decorationandsignage
image2764.jpg,misc
image2767.jpg,Food
image2772.jpg,misc
image2773.jpg,Attire
image2774.jpg,Food
image2777.jpg,Food
image2789.jpg,Attire
image279.jpg,Attire
image2794.jpg,Food
image280.jpg,Decorationandsignage
image2806.jpg,misc
image2814.jpg,Food
image2815.jpg,Food
image2818.jpg,Attire
image282.jpg,Food
image2823.jpg,Food
image2833.jpg,Decorationandsignage
image2834.jpg,Attire
image2835.jpg,Attire
image2838.jpg,Food
image284.jpg,Food
image2846.jpg,Attire
image2848.jpg,Attire
image2850.jpg,misc
image2856.jpg,misc
image2857.jpg,Decorationandsignage
image2866.jpg,Attire
image2867.jpg,Food
image2870.jpg,Food
image2873.jpg,Food
image2875.jpg,Attire
image2876.jpg,Decorationandsignage
image2878.jpg,Attire
image2884.jpg,Attire
image2888.jpg,Food
image2891.jpg,Decorationandsignage
image2894.jpg,Attire
image2896.jpg,Food
image2910.jpg,Decorationandsignage
image2912.jpg,Attire
image2914.jpg,misc
image2918.jpg,Decorationandsignage
image2919.jpg,Food
image2925.jpg,Food
image2928.jpg,Food
image2932.jpg,misc
image2934.jpg,Decorationandsignage
image2938.jpg,Decorationandsignage
image294.jpg,Food
image2951.jpg,Food
image2953.jpg,misc
image2955.jpg,Food
image2956.jpg,misc
image2960.jpg,Food
image2964.jpg,Attire
image297.jpg,Food
image2974.jpg,misc
image2977.jpg,Food
image298.jpg,Attire
image2982.jpg,Attire
image2983.jpg,Food
image2984.jpg,Attire
image2989.jpg,Attire
image2995.jpg,Attire
image3001.jpg,Attire
image3005.jpg,Food
image3006.jpg,misc
image3014.jpg,Food
image3015.jpg,Food
image3019.jpg,misc
image3021.jpg,Food
image3023.jpg,Attire
image3025.jpg,misc
image3026.jpg,Decorationandsignage
image3028.jpg,misc
image303.jpg,Attire
image3032.jpg,misc
image3039.jpg,Decorationandsignage
image3047.jpg,Decorationandsignage
image3052.jpg,misc
image3055.jpg,Food
image3056.jpg,misc
image3057.jpg,Decorationandsignage
image3058.jpg,Food
image3062.jpg,Food
image3063.jpg,Food
image3064.jpg,Food
image307.jpg,Attire
image3079.jpg,misc
image3081.jpg,Attire
image3082.jpg,Food
image3085.jpg,Attire
image3086.jpg,Decorationandsignage
image3090.jpg,Decorationandsignage
image3092.jpg,Food
image3094.jpg,Food
image3096.jpg,Attire
image3097.jpg,Attire
image3106.jpg,misc
image3109.jpg,misc
image3112.jpg,Attire
image3117.jpg,Attire
image312.jpg,Attire
image3122.jpg,Attire
image3124.jpg,Food
image3126.jpg,misc
image3127.jpg,Attire
image3136.jpg,Attire
image314.jpg,misc
image3141.jpg,Food
image3142.jpg,Food
image3143.jpg,Decorationandsignage
image3144.jpg,misc
image3147.jpg,Attire
image3150.jpg,Attire
image3153.jpg,Attire
image3166.jpg,Attire
image3168.jpg,Food
image3173.jpg,Food
image3176.jpg,Food
image3177.jpg,Food
image318.jpg,misc
image3183.jpg,Attire
image3192.jpg,Attire
image3193.jpg,Food
image3194.jpg,Attire
image3196.jpg,Food
image3198.jpg,Attire
image3211.jpg,Decorationandsignage
image3214.jpg,misc
image3215.jpg,misc
image3216.jpg,Food
image3218.jpg,Decorationandsignage
image3221.jpg,misc
image3227.jpg,Food
image3228.jpg,misc
image323.jpg,Decorationandsignage
image3233.jpg,misc
image3234.jpg,Food
image3235.jpg,Attire
image3237.jpg,Food
image3239.jpg,Attire
image324.jpg,Food
image3243.jpg,Food
image3245.jpg,Food
image3246.jpg,Food
image3248.jpg,Food
image3250.jpg,Food
image3256.jpg,Attire
image3260.jpg,Attire
image3270.jpg,Attire
image3271.jpg,Attire
image3272.jpg,Attire
image3274.jpg,Food
image3277.jpg,misc
image3278.jpg,Food
image3279.jpg,Attire
image3280.jpg,Food
image3283.jpg,Food
image3289.jpg,Food
image329.jpg,misc
image3299.jpg,Decorationandsignage
image3301.jpg,misc
image3305.jpg,Attire
image3307.jpg,Attire
image3319.jpg,Food
image3320.jpg,Attire
image3326.jpg,Attire
image3328.jpg,misc
image3329.jpg,Food
image3335.jpg,Food
image3337.jpg,Attire
image3340.jpg,Attire
image3348.jpg,misc
image3349.jpg,misc
image335.jpg,Food
image3352.jpg,Attire
image3353.jpg,Food
image3354.jpg,Decorationandsignage
image3356.jpg,Food
image3357.jpg,Attire
image3359.jpg,Food
image336.jpg,Attire
image3362.jpg,Food
image3367.jpg,misc
image3368.jpg,Food
image3377.jpg,Attire
image3382.jpg,Decorationandsignage
image3387.jpg,Attire
image3388.jpg,Food
image339.jpg,misc
image3391.jpg,Attire
image3398.jpg,misc
image3399.jpg,Decorationandsignage
image3402.jpg,Food
image3409.jpg,Attire
image3410.jpg,Food
image3411.jpg,Food
image3417.jpg,Food
image3422.jpg,Food
image3423.jpg,Attire
image3425.jpg,Attire
image3426.jpg,misc
image3427.jpg,Decorationandsignage
image3428.jpg,Decorationandsignage
image3429.jpg,Attire
image3431.jpg,misc
image3434.jpg,Food
image3437.jpg,Food
image3440.jpg,Food
image3441.jpg,Food
image3442.jpg,Food
image3444.jpg,Attire
image3448.jpg,Food
image3449.jpg,Food
image3463.jpg,Food
image347.jpg,Decorationandsignage
image3470.jpg,Food
image3471.jpg,Attire
image3472.jpg,misc
image3480.jpg,Food
image3481.jpg,Attire
image3483.jpg,misc
image3491.jpg,Attire
image3494.jpg,Decorationandsignage
image3496.jpg,misc
image350.jpg,Decorationandsignage
image3500.jpg,Food
image3501.jpg,Food
image3503.jpg,Food
image3511.jpg,Attire
image3527.jpg,misc
image3529.jpg,Decorationandsignage
image3536.jpg,Food
image3537.jpg,Decorationandsignage
image3538.jpg,Food
image3544.jpg,Attire
image355.jpg,Decorationandsignage
image3550.jpg,Decorationandsignage
image3551.jpg,Food
image3552.jpg,misc
image3554.jpg,Food
image3560.jpg,Food
image3561.jpg,Decorationandsignage
image3562.jpg,Food
image3565.jpg,Decorationandsignage
image3566.jpg,Attire
image3570.jpg,Decorationandsignage
image3571.jpg,Decorationandsignage
image3574.jpg,Attire
image3575.jpg,Attire
image3579.jpg,misc
image3586.jpg,Decorationandsignage
image3591.jpg,Attire
image3595.jpg,misc
image360.jpg,Food
image3600.jpg,Decorationandsignage
image3608.jpg,Food
image3610.jpg,Food
image3615.jpg,Food
image3616.jpg,Attire
image3619.jpg,Food
image362.jpg,misc
image3621.jpg,Attire
image3625.jpg,misc
image3627.jpg,Decorationandsignage
image3628.jpg,Attire
image3634.jpg,Food
image364.jpg,Food
image3642.jpg,Attire
image3644.jpg,Food
image3648.jpg,Decorationandsignage
image365.jpg,Food
image3652.jpg,Food
image3653.jpg,Food
image3661.jpg,Food
image3666.jpg,Attire
image3668.jpg,Attire
image367.jpg,misc
image3671.jpg,Food
image3675.jpg,Attire
image3677.jpg,misc
image3679.jpg,Food
image3680.jpg,Food
image3684.jpg,Attire
image3689.jpg,Attire
image3690.jpg,Food
image3691.jpg,Attire
image3695.jpg,Food
image37.jpg,Food
image3709.jpg,Attire
image371.jpg,Food
image3714.jpg,Decorationandsignage
image3720.jpg,Food
image3721.jpg,Attire
image3724.jpg,Food
image3726.jpg,Attire
image3728.jpg,Food
image373.jpg,Attire
image3734.jpg,Food
image3736.jpg,Food
image3738.jpg,Food
image3739.jpg,Food
image3740.jpg,misc
image3745.jpg,misc
image375.jpg,Food
image3760.jpg,Decorationandsignage
image3762.jpg,Food
image3765.jpg,Food
image3766.jpg,Attire
image3776.jpg,Food
image3777.jpg,Attire
image3783.jpg,Food
image3798.jpg,Attire
image3812.jpg,Attire
image3813.jpg,misc
image3814.jpg,Attire
image3828.jpg,misc
image3829.jpg,Food
image3830.jpg,misc
image3835.jpg,misc
image3839.jpg,Food
image3850.jpg,misc
image3859.jpg,Food
image386.jpg,Decorationandsignage
image3862.jpg,Food
image3864.jpg,Decorationandsignage
image3865.jpg,Attire
image3867.jpg,Attire
image3870.jpg,Food
image3871.jpg,misc
image3872.jpg,misc
image3876.jpg,Attire
image388.jpg,Food
image3883.jpg,Food
image3888.jpg,Attire
image3889.jpg,Attire
image389.jpg,Food
image3895.jpg,Attire
image3896.jpg,Food
image3897.jpg,misc
image390.jpg,Food
image3908.jpg,misc
image3922.jpg,Attire
image3923.jpg,Food
image3925.jpg,misc
image3926.jpg,Attire
image393.jpg,Attire
image3935.jpg,Attire
image3939.jpg,Decorationandsignage
image394.jpg,Attire
image3945.jpg,Food
image3948.jpg,Food
image3951.jpg,misc
image396.jpg,misc
image3961.jpg,misc
image3964.jpg,misc
image3970.jpg,Attire
image3975.jpg,misc
image3978.jpg,misc
image3989.jpg,Food
image3994.jpg,misc
image3996.jpg,Attire
image3999.jpg,Attire
image40.jpg,Food
image4002.jpg,Food
image4008.jpg,Food
image401.jpg,Food
image4010.jpg,misc
image4013.jpg,misc
image4017.jpg,Attire
image4018.jpg,Food
image4019.jpg,Attire
image403.jpg,Food
image4030.jpg,Attire
image4031.jpg,Food
image4032.jpg,Food
image4034.jpg,misc
image4038.jpg,Food
image4040.jpg,Attire
image4043.jpg,Food
image4046.jpg,Attire
image4053.jpg,Attire
image4054.jpg,Decorationandsignage
image4056.jpg,Attire
image4057.jpg,Attire
image4059.jpg,Food
image4063.jpg,misc
image4067.jpg,Food
image4068.jpg,Food
image4070.jpg,Attire
image4073.jpg,Food
image4074.jpg,Food
image4086.jpg,misc
image409.jpg,misc
image4093.jpg,Food
image410.jpg,Food
image4100.jpg,Attire
image4101.jpg,Food
image4104.jpg,Food
image411.jpg,Attire
image4113.jpg,Attire
image4123.jpg,Food
image4125.jpg,Food
image4127.jpg,Decorationandsignage
image4128.jpg,Attire
image4134.jpg,misc
image4135.jpg,Food
image4147.jpg,Attire
image4151.jpg,Food
image4152.jpg,Food
image4156.jpg,misc
image416.jpg,Attire
image4160.jpg,misc
image4169.jpg,Attire
image4173.jpg,Food
image4181.jpg,Food
image4183.jpg,Attire
image4184.jpg,Attire
image4185.jpg,Food
image4186.jpg,Food
image4196.jpg,Food
image4199.jpg,Attire
image4200.jpg,Decorationandsignage
image4205.jpg,Attire
image4207.jpg,Decorationandsignage
image4211.jpg,Attire
image4212.jpg,misc
image4214.jpg,Food
image4220.jpg,Food
image4222.jpg,Decorationandsignage
image4223.jpg,Attire
image4225.jpg,Attire
image4228.jpg,Attire
image423.jpg,Food
image4231.jpg,Food
image4234.jpg,Attire
image4237.jpg,Food
image424.jpg,Food
image4245.jpg,Food
image4250.jpg,Food
image4252.jpg,Attire
image4253.jpg,Attire
image4259.jpg,Attire
image4263.jpg,Attire
image4264.jpg,Attire
image4268.jpg,Attire
image4270.jpg,Attire
image4271.jpg,Attire
image4274.jpg,Decorationandsignage
image4276.jpg,Attire
image4278.jpg,Decorationandsignage
image4284.jpg,Attire
image4291.jpg,Decorationandsignage
image4293.jpg,Attire
image4297.jpg,Attire
image4299.jpg,Food
image4302.jpg,Attire
image4303.jpg,Food
image4308.jpg,Attire
image4311.jpg,Attire
image4315.jpg,Attire
image4319.jpg,Attire
image4323.jpg,Decorationandsignage
image4325.jpg,Attire
image4330.jpg,Attire
image4331.jpg,Food
image4332.jpg,misc
image4334.jpg,Attire
image4335.jpg,misc
image4337.jpg,Attire
image4340.jpg,Decorationandsignage
image4341.jpg,misc
image4342.jpg,Attire
image4344.jpg,Food
image4345.jpg,Food
image4355.jpg,Attire
image4362.jpg,Food
image4363.jpg,Attire
image4373.jpg,Food
image4375.jpg,misc
image4376.jpg,Food
image4377.jpg,Food
image438.jpg,Attire
image4381.jpg,Decorationandsignage
image4382.jpg,Food
image4387.jpg,Food
image4392.jpg,Attire
image4393.jpg,Attire
image4399.jpg,Food
image4401.jpg,misc
image4412.jpg,Attire
image4421.jpg,Attire
image4431.jpg,Decorationandsignage
image4434.jpg,Food
image444.jpg,Food
image4440.jpg,Attire
image4442.jpg,Food
image4445.jpg,Decorationandsignage
image4446.jpg,misc
image4448.jpg,Food
image4452.jpg,misc
image4456.jpg,Food
image4459.jpg,Food
image4460.jpg,Food
image4461.jpg,Attire
image4465.jpg,misc
image4468.jpg,Decorationandsignage
image4473.jpg,Attire
image4475.jpg,Food
image4476.jpg,misc
image4477.jpg,Food
image4478.jpg,misc
image4480.jpg,Attire
image4481.jpg,Food
image4487.jpg,Decorationandsignage
image4503.jpg,Food
image4506.jpg,Decorationandsignage
image451.jpg,misc
image4510.jpg,Attire
image4513.jpg,Attire
image4514.jpg,misc
image4519.jpg,Food
image452.jpg,Attire
image4527.jpg,Food
image4532.jpg,Food
image4546.jpg,Food
image4547.jpg,Food
image4549.jpg,Food
image455.jpg,Food
image4556.jpg,Decorationandsignage
image4557.jpg,Food
image4564.jpg,Attire
image4565.jpg,Food
image4567.jpg,misc
image4569.jpg,Food
image457.jpg,Food
image458.jpg,Attire
image4583.jpg,misc
image4585.jpg,misc
image459.jpg,Attire
image4590.jpg,Attire
image4596.jpg,Attire
image4597.jpg,Food
image4601.jpg,Attire
image4604.jpg,Food
image4605.jpg,misc
image4607.jpg,Food
image461.jpg,misc
image4611.jpg,Food
image462.jpg,Attire
image4625.jpg,Attire
image4627.jpg,Attire
image4628.jpg,Food
image4630.jpg,Food
image4635.jpg,Attire
image4639.jpg,misc
image4640.jpg,Attire
image4645.jpg,Food
image4646.jpg,Food
image4650.jpg,Decorationandsignage
image4651.jpg,misc
image4654.jpg,Food
image4658.jpg,Attire
image4659.jpg,Attire
image4665.jpg,Food
image4666.jpg,Decorationandsignage
image4674.jpg,Food
image4675.jpg,Decorationandsignage
image4677.jpg,Food
image4678.jpg,Food
image4680.jpg,Decorationandsignage
image4682.jpg,Food
image4691.jpg,Food
image4692.jpg,misc
image4697.jpg,Attire
image4699.jpg,Food
image4704.jpg,Food
image4706.jpg,Food
image4712.jpg,Food
image4717.jpg,Food
image4718.jpg,Food
image4719.jpg,Attire
image4721.jpg,Food
image4722.jpg,Food
image4724.jpg,Food
image473.jpg,Food
image4732.jpg,Food
image4736.jpg,Food
image4740.jpg,Attire
image4742.jpg,Food
image4746.jpg,Decorationandsignage
image4749.jpg,Attire
image4751.jpg,misc
image4752.jpg,Food
image4754.jpg,Food
image4756.jpg,Food
image4759.jpg,Food
image476.jpg,Food
image4766.jpg,Attire
image4767.jpg,Decorationandsignage
image4769.jpg,Attire
image4770.jpg,Food
image4771.jpg,misc
image4772.jpg,Food
image4775.jpg,Attire
image4780.jpg,Food
image4781.jpg,Decorationandsignage
image4782.jpg,Food
image4786.jpg,Food
image4791.jpg,Attire
image4793.jpg,Attire
image4799.jpg,Food
image480.jpg,Decorationandsignage
image4800.jpg,Decorationandsignage
image4802.jpg,misc
image4804.jpg,Food
image4805.jpg,Food
image4807.jpg,misc
image4811.jpg,Attire
image4819.jpg,misc
image4821.jpg,Food
image4822.jpg,Food
image4827.jpg,misc
image4835.jpg,misc
image4836.jpg,Attire
image4837.jpg,Attire
image4838.jpg,Attire
image4839.jpg,Food
image484.jpg,misc
image4843.jpg,misc
image4846.jpg,Food
image4848.jpg,Food
image4851.jpg,Decorationandsignage
image4853.jpg,Food
image4854.jpg,Attire
image4857.jpg,misc
image4858.jpg,Attire
image4860.jpg,Food
image4861.jpg,Food
image4863.jpg,Food
image4866.jpg,Food
image4867.jpg,Decorationandsignage
image4877.jpg,Food
image488.jpg,misc
image4884.jpg,misc
image4886.jpg,misc
image4889.jpg,Attire
image4890.jpg,misc
image4892.jpg,Food
image4895.jpg,misc
image4897.jpg,misc
image490.jpg,Food
image4900.jpg,Food
image4901.jpg,Attire
image4902.jpg,Food
image4903.jpg,misc
image4906.jpg,misc
image4907.jpg,Food
image4910.jpg,Attire
image4911.jpg,misc
image4913.jpg,Food
image4914.jpg,Food
image4917.jpg,misc
image4918.jpg,Food
image4919.jpg,Attire
image4921.jpg,Food
image4923.jpg,Attire
image4924.jpg,Food
image4929.jpg,Decorationandsignage
image493.jpg,Food
image4931.jpg,Food
image4932.jpg,misc
image4938.jpg,Attire
image4939.jpg,misc
image494.jpg,misc
image4949.jpg,Food
image4955.jpg,Food
image4957.jpg,Food
image4961.jpg,Attire
image4967.jpg,Attire
image4968.jpg,Food
image497.jpg,Attire
image4970.jpg,Food
image4972.jpg,misc
image4977.jpg,Food
image4982.jpg,Attire
image4983.jpg,misc
image4984.jpg,Food
image4986.jpg,Food
image5003.jpg,misc
image5008.jpg,Attire
image5015.jpg,Attire
image5016.jpg,Decorationandsignage
image5019.jpg,Attire
image502.jpg,misc
image5020.jpg,Decorationandsignage
image5024.jpg,misc
image5026.jpg,Food
image503.jpg,Food
image5030.jpg,Food
image5032.jpg,Food
image5038.jpg,Attire
image5041.jpg,misc
image5042.jpg,misc
image5044.jpg,Decorationandsignage
image5045.jpg,misc
image5046.jpg,Food
image5048.jpg,Decorationandsignage
image5049.jpg,misc
image505.jpg,Attire
image5050.jpg,misc
image5057.jpg,Attire
image5062.jpg,Attire
image5073.jpg,Attire
image5077.jpg,misc
image5082.jpg,Food
image5083.jpg,misc
image5084.jpg,Attire
image5095.jpg,Food
image5097.jpg,Food
image5099.jpg,Food
image5101.jpg,misc
image5102.jpg,misc
image5107.jpg,Food
image511.jpg,Food
image5111.jpg,Food
image5112.jpg,Attire
image5119.jpg,Food
image5123.jpg,Attire
image5124.jpg,Food
image5125.jpg,Food
image5126.jpg,Food
image513.jpg,misc
image5130.jpg,Food
image5135.jpg,Food
image5136.jpg,Decorationandsignage
image5137.jpg,Decorationandsignage
image514.jpg,Food
image5140.jpg,Food
image5143.jpg,misc
image5146.jpg,Food
image5149.jpg,Attire
image5150.jpg,Attire
image5152.jpg,Food
image5156.jpg,misc
image5157.jpg,misc
image5165.jpg,Decorationandsignage
image5169.jpg,Attire
image5170.jpg,Attire
image5171.jpg,Attire
image5173.jpg,Attire
image5176.jpg,misc
image5177.jpg,Food
image518.jpg,Food
image5181.jpg,Attire
image5182.jpg,Food
image5188.jpg,Food
image5189.jpg,Attire
image519.jpg,Decorationandsignage
image5198.jpg,Food
image5207.jpg,Attire
image5210.jpg,Food
image5211.jpg,Food
image5213.jpg,Attire
image5215.jpg,Decorationandsignage
image5216.jpg,misc
image5226.jpg,Food
image5227.jpg,Food
image5230.jpg,Attire
image5234.jpg,Food
image5236.jpg,Attire
image5240.jpg,Food
image5242.jpg,Attire
image5244.jpg,Food
image5245.jpg,Food
image5246.jpg,misc
image5248.jpg,Decorationandsignage
image5249.jpg,Decorationandsignage
image5250.jpg,Attire
image5253.jpg,Attire
image5255.jpg,Food
image5256.jpg,Food
image5264.jpg,Food
image5266.jpg,misc
image5268.jpg,Attire
image5270.jpg,Food
image5271.jpg,misc
image5272.jpg,Decorationandsignage
image5274.jpg,Food
image5275.jpg,Food
image5279.jpg,Attire
image528.jpg,Food
image5283.jpg,Attire
image5295.jpg,Food
image5299.jpg,Attire
image5310.jpg,Food
image5311.jpg,Food
image5315.jpg,Decorationandsignage
image5316.jpg,Food
image5319.jpg,Attire
image5324.jpg,misc
image5325.jpg,Food
image5326.jpg,misc
image5327.jpg,Food
image5330.jpg,Food
image5331.jpg,misc
image5332.jpg,Food
image5335.jpg,misc
image5337.jpg,Food
image5347.jpg,Food
image5350.jpg,Food
image5351.jpg,Food
image5355.jpg,Attire
image5356.jpg,Food
image5357.jpg,Attire
image5361.jpg,misc
image5362.jpg,Food
image5364.jpg,Food
image5367.jpg,misc
image5368.jpg,Food
image537.jpg,Food
image5371.jpg,Attire
image5377.jpg,Food
image5382.jpg,Attire
image5385.jpg,Food
image5389.jpg,Food
image5392.jpg,misc
image5395.jpg,Decorationandsignage
image5398.jpg,misc
image5399.jpg,Attire
image54.jpg,misc
image5404.jpg,Decorationandsignage
image5407.jpg,Attire
image5408.jpg,Decorationandsignage
image541.jpg,Attire
image5411.jpg,Attire
image5417.jpg,Attire
image5420.jpg,misc
image5421.jpg,Attire
image5423.jpg,Attire
image5424.jpg,Attire
image5425.jpg,Food
image5427.jpg,Food
image5432.jpg,Attire
image5433.jpg,Food
image5435.jpg,misc
image5437.jpg,Food
image5439.jpg,Food
image5443.jpg,misc
image5445.jpg,Food
image5448.jpg,Food
image545.jpg,Food
image5450.jpg,Food
image5451.jpg,Food
image5455.jpg,Food
image5460.jpg,Food
image5466.jpg,Attire
image5467.jpg,Food
image5468.jpg,Food
image547.jpg,Food
image5470.jpg,Food
image5472.jpg,misc
image5474.jpg,Attire
image5475.jpg,Decorationandsignage
image5476.jpg,misc
image5477.jpg,Attire
image5478.jpg,Attire
image548.jpg,Food
image5481.jpg,Decorationandsignage
image5482.jpg,Food
image5486.jpg,Food
image5488.jpg,misc
image549.jpg,Food
image5493.jpg,Decorationandsignage
image5500.jpg,Attire
image5502.jpg,Attire
image5511.jpg,Decorationandsignage
image552.jpg,Attire
image5520.jpg,Food
image5522.jpg,misc
image5527.jpg,Decorationandsignage
image5533.jpg,Attire
image5535.jpg,Attire
image5537.jpg,Decorationandsignage
image5538.jpg,Attire
image5539.jpg,Attire
image554.jpg,Decorationandsignage
image5541.jpg,Attire
image5542.jpg,Food
image5546.jpg,Food
image5552.jpg,Attire
image5555.jpg,Food
image5565.jpg,Food
image5569.jpg,Food
image5572.jpg,Decorationandsignage
image5574.jpg,Food
image5577.jpg,Food
image5579.jpg,Food
image5583.jpg,Attire
image5587.jpg,Attire
image5588.jpg,Food
image5590.jpg,Food
image5591.jpg,Attire
image5592.jpg,Food
image5595.jpg,Food
image5596.jpg,Attire
image5597.jpg,misc
image5605.jpg,Attire
image5609.jpg,misc
image561.jpg,Food
image5612.jpg,Attire
image5621.jpg,Food
image5623.jpg,Attire
image5627.jpg,Attire
image563.jpg,misc
image5630.jpg,Attire
image5632.jpg,Attire
image5634.jpg,Food
image5637.jpg,Food
image5638.jpg,Attire
image564.jpg,Food
image5641.jpg,Attire
image5644.jpg,Attire
image5645.jpg,Decorationandsignage
image5648.jpg,misc
image5654.jpg,Attire
image5659.jpg,Attire
image5663.jpg,misc
image5667.jpg,Decorationandsignage
image5668.jpg,Food
image5671.jpg,Food
image5672.jpg,Attire
image5673.jpg,Attire
image5674.jpg,Food
image5675.jpg,Attire
image5677.jpg,misc
image568.jpg,Food
image5682.jpg,Food
image569.jpg,Food
image5691.jpg,misc
image5692.jpg,Attire
image5704.jpg,Food
image5705.jpg,Food
image5706.jpg,Decorationandsignage
image571.jpg,Food
image5711.jpg,Attire
image5713.jpg,Food
image5716.jpg,Attire
image572.jpg,Food
image5724.jpg,Food
image5725.jpg,Food
image5728.jpg,Food
image5729.jpg,Food
image5730.jpg,Attire
image5732.jpg,Food
image5733.jpg,Attire
image5734.jpg,Attire
image5736.jpg,Food
image5737.jpg,Food
image5741.jpg,misc
image5754.jpg,Decorationandsignage
image5761.jpg,Food
image5765.jpg,Attire
image5767.jpg,Food
image5769.jpg,Food
image5770.jpg,Attire
image5772.jpg,misc
image5773.jpg,Attire
image578.jpg,Food
image5782.jpg,Attire
image5783.jpg,misc
image5787.jpg,Food
image5797.jpg,Attire
image5799.jpg,Food
image580.jpg,Attire
image5801.jpg,Attire
image5806.jpg,Attire
image5813.jpg,Attire
image5822.jpg,misc
image5826.jpg,Food
image5827.jpg,Attire
image5832.jpg,Decorationandsignage
image5835.jpg,Attire
image5838.jpg,Attire
image5839.jpg,misc
image5842.jpg,Food
image5843.jpg,Decorationandsignage
image5849.jpg,Food
image5854.jpg,Food
image5857.jpg,Food
image5858.jpg,Attire
image5861.jpg,misc
image5862.jpg,Attire
image5867.jpg,Attire
image5868.jpg,Food
image5870.jpg,Food
image5872.jpg,misc
image5873.jpg,Food
image5876.jpg,misc
image5877.jpg,Decorationandsignage
image5880.jpg,Attire
image589.jpg,Food
image5899.jpg,Food
image5900.jpg,Food
image5906.jpg,misc
image5921.jpg,Attire
image5926.jpg,Attire
image5927.jpg,Food
image5932.jpg,Attire
image5934.jpg,Food
image5935.jpg,Food
image5943.jpg,Attire
image5944.jpg,Attire
image5949.jpg,misc
image5953.jpg,misc
image5958.jpg,Food
image5959.jpg,Food
image5968.jpg,misc
image5969.jpg,Attire
image597.jpg,Food
image5970.jpg,misc
image5984.jpg,Attire
image5987.jpg,Attire
image5996.jpg,Decorationandsignage
image600.jpg,misc
image6000.jpg,Food
image6005.jpg,misc
image6006.jpg,Attire
image6009.jpg,Attire
image6010.jpg,misc
image6014.jpg,misc
image6016.jpg,Attire
image6019.jpg,Attire
image6020.jpg,Food
image6021.jpg,Food
image6025.jpg,misc
image6026.jpg,misc
image6028.jpg,Food
image6033.jpg,Attire
image6034.jpg,Attire
image6037.jpg,Attire
image6038.jpg,Attire
image6039.jpg,Decorationandsignage
image6040.jpg,Attire
image6048.jpg,Food
image6050.jpg,Food
image6053.jpg,Food
image6056.jpg,Food
image6062.jpg,Food
image6065.jpg,Attire
image6067.jpg,misc
image6068.jpg,Food
image6070.jpg,Decorationandsignage
image6071.jpg,Food
image6073.jpg,Food
image6074.jpg,Attire
image6075.jpg,Decorationandsignage
image6079.jpg,Food
image6081.jpg,Attire
image6083.jpg,misc
image6084.jpg,Attire
image6088.jpg,Food
image6092.jpg,misc
image6094.jpg,Food
image6095.jpg,Food
image6097.jpg,Food
image6105.jpg,Attire
image6109.jpg,Food
image6111.jpg,misc
image6120.jpg,Attire
image6122.jpg,Food
image6124.jpg,Attire
image6125.jpg,Attire
image6129.jpg,Attire
image6130.jpg,Food
image6132.jpg,Decorationandsignage
image6138.jpg,Attire
image6142.jpg,Attire
image6148.jpg,Food
image6153.jpg,Food
image6156.jpg,Food
image6160.jpg,Attire
image6163.jpg,Food
image6165.jpg,Attire
image6166.jpg,misc
image6170.jpg,Attire
image6175.jpg,Attire
image6177.jpg,misc
image6179.jpg,Decorationandsignage
image6182.jpg,misc
image6185.jpg,Food
image6187.jpg,Attire
image6191.jpg,Attire
image6193.jpg,Food
image6200.jpg,Food
image6201.jpg,Attire
image6202.jpg,Food
image6207.jpg,Decorationandsignage
image6210.jpg,Attire
image6212.jpg,misc
image6213.jpg,misc
image6218.jpg,misc
image6221.jpg,Food
image6224.jpg,Food
image6230.jpg,misc
image6231.jpg,Attire
image6232.jpg,Attire
image6236.jpg,Decorationandsignage
image6237.jpg,Food
image6239.jpg,Food
image6242.jpg,Food
image6243.jpg,Attire
image6245.jpg,Food
image6246.jpg,Attire
image6255.jpg,misc
image6257.jpg,misc
image6260.jpg,Attire
image6264.jpg,Attire
image6265.jpg,Decorationandsignage
image6266.jpg,Decorationandsignage
image6267.jpg,misc
image6269.jpg,misc
image6271.jpg,Food
image6272.jpg,Food
image6278.jpg,Food
image6282.jpg,Attire
image6285.jpg,Food
image6286.jpg,misc
image6288.jpg,Food
image6294.jpg,misc
image6297.jpg,Food
image63.jpg,Food
image6305.jpg,Attire
image631.jpg,misc
image6322.jpg,misc
image6324.jpg,Food
image6330.jpg,Food
image6332.jpg,Attire
image6333.jpg,Attire
image6336.jpg,Food
image6337.jpg,Decorationandsignage
image6347.jpg,misc
image6350.jpg,Food
image6352.jpg,Decorationandsignage
image6353.jpg,Attire
image6354.jpg,misc
image6357.jpg,Food
image6359.jpg,Attire
image636.jpg,Food
image6364.jpg,Food
image6367.jpg,Food
image6378.jpg,Food
image6379.jpg,Decorationandsignage
image6390.jpg,Food
image6398.jpg,misc
image6399.jpg,Attire
image6400.jpg,Food
image6407.jpg,Food
image6410.jpg,misc
image6419.jpg,Attire
image6422.jpg,misc
image6423.jpg,Attire
image6428.jpg,Food
image6429.jpg,Attire
image6431.jpg,Attire
image6432.jpg,Food
image6439.jpg,Attire
image6443.jpg,Food
image6448.jpg,misc
image6449.jpg,Food
image6456.jpg,Attire
image6463.jpg,misc
image6465.jpg,Attire
image6467.jpg,misc
image6470.jpg,misc
image6475.jpg,Food
image6480.jpg,misc
image6482.jpg,Food
image6483.jpg,misc
image6487.jpg,misc
image6488.jpg,Food
image6489.jpg,Decorationandsignage
image649.jpg,Food
image6491.jpg,Food
image6493.jpg,Food
image6495.jpg,Attire
image6497.jpg,Attire
image6498.jpg,Attire
image6501.jpg,Decorationandsignage
image6507.jpg,Attire
image6508.jpg,Attire
image6510.jpg,Decorationandsignage
image6511.jpg,misc
image6512.jpg,Attire
image6513.jpg,misc
image6514.jpg,Food
image6515.jpg,Food
image6516.jpg,Attire
image6517.jpg,Food
image652.jpg,misc
image6520.jpg,Attire
image6521.jpg,Food
image6522.jpg,Food
image6526.jpg,Food
image6528.jpg,Food
image6530.jpg,misc
image6536.jpg,Attire
image6543.jpg,Attire
image6548.jpg,Food
image6549.jpg,Attire
image6555.jpg,Food
image6556.jpg,Decorationandsignage
image6558.jpg,misc
image6559.jpg,misc
image656.jpg,misc
image6562.jpg,Food
image6566.jpg,Food
image6574.jpg,Decorationandsignage
image6575.jpg,Attire
image6577.jpg,Food
image6578.jpg,Food
image6579.jpg,Attire
image658.jpg,Food
image6581.jpg,Food
image6582.jpg,Decorationandsignage
image6586.jpg,Food
image6591.jpg,Food
image6596.jpg,Food
image660.jpg,Food
image6608.jpg,Decorationandsignage
image6613.jpg,Food
image6614.jpg,Attire
image6617.jpg,Attire
image6618.jpg,Food
image6619.jpg,Decorationandsignage
image662.jpg,Attire
image6620.jpg,misc
image6622.jpg,Attire
image6623.jpg,Food
image6624.jpg,Decorationandsignage
image6629.jpg,Food
image6630.jpg,Food
image6631.jpg,misc
image6634.jpg,misc
image6636.jpg,Decorationandsignage
image6637.jpg,Food
image6640.jpg,misc
image6646.jpg,Food
image6647.jpg,Food
image6648.jpg,Food
image665.jpg,Food
image6654.jpg,Attire
image6659.jpg,Attire
image6666.jpg,Decorationandsignage
image6670.jpg,Food
image6671.jpg,Food
image6672.jpg,misc
image6673.jpg,misc
image6678.jpg,Food
image668.jpg,Attire
image6684.jpg,Food
image6690.jpg,misc
image6691.jpg,Attire
image6692.jpg,Food
image6693.jpg,Food
image6697.jpg,Attire
image6698.jpg,Food
image6702.jpg,misc
image6704.jpg,Decorationandsignage
image6706.jpg,Food
image6728.jpg,Food
image6729.jpg,Attire
image6733.jpg,Attire
image6734.jpg,Food
image6737.jpg,Decorationandsignage
image6738.jpg,Attire
image6743.jpg,Food
image6744.jpg,Food
image675.jpg,Decorationandsignage
image6758.jpg,Attire
image6759.jpg,misc
image6762.jpg,Decorationandsignage
image6766.jpg,Attire
image6778.jpg,Attire
image6782.jpg,Attire
image6784.jpg,Attire
image6789.jpg,Food
image6791.jpg,Attire
image6792.jpg,misc
image6793.jpg,misc
image68.jpg,Food
image6805.jpg,Attire
image6807.jpg,Attire
image6809.jpg,misc
image6810.jpg,Decorationandsignage
image6815.jpg,Food
image6818.jpg,Attire
image682.jpg,Decorationandsignage
image6820.jpg,Decorationandsignage
image6822.jpg,misc
image6826.jpg,misc
image6830.jpg,Food
image6831.jpg,Attire
image6833.jpg,Food
image6839.jpg,Food
image6847.jpg,misc
image6848.jpg,Attire
image685.jpg,Food
image6851.jpg,Food
image6854.jpg,misc
image6855.jpg,Attire
image6858.jpg,Food
image6859.jpg,Attire
image6863.jpg,Attire
image6864.jpg,misc
image6869.jpg,Attire
image6871.jpg,Food
image6877.jpg,Attire
image6880.jpg,Food
image689.jpg,Attire
image6890.jpg,Decorationandsignage
image6891.jpg,misc
image6900.jpg,Food
image6903.jpg,Food
image6907.jpg,Attire
image6908.jpg,Food
image6910.jpg,misc
image6911.jpg,Food
image6912.jpg,Food
image6914.jpg,Attire
image6916.jpg,Attire
image6920.jpg,Food
image6925.jpg,Attire
image6927.jpg,Food
image6929.jpg,Decorationandsignage
image6931.jpg,Decorationandsignage
image6934.jpg,Attire
image6943.jpg,Food
image6950.jpg,Attire
image6954.jpg,Attire
image6957.jpg,misc
image6958.jpg,Attire
image6962.jpg,Decorationandsignage
image6963.jpg,Decorationandsignage
image6968.jpg,Food
image6969.jpg,Food
image6972.jpg,misc
image6977.jpg,Attire
image6979.jpg,Attire
image6981.jpg,Food
image6984.jpg,Food
image6985.jpg,misc
image6991.jpg,misc
image6992.jpg,misc
image6994.jpg,misc
image6998.jpg,Food
image7000.jpg,Food
image7001.jpg,Attire
image7013.jpg,misc
image7015.jpg,misc
image7024.jpg,Food
image7026.jpg,Attire
image7029.jpg,Attire
image7033.jpg,misc
image7034.jpg,misc
image7040.jpg,Food
image7041.jpg,Attire
image7048.jpg,Attire
image705.jpg,Decorationandsignage
image7050.jpg,Food
image7057.jpg,Food
image7060.jpg,Attire
image7062.jpg,Attire
image7064.jpg,Food
image7067.jpg,Food
image7068.jpg,misc
image7072.jpg,Attire
image7081.jpg,Decorationandsignage
image7083.jpg,misc
image7085.jpg,Decorationandsignage
image7086.jpg,Attire
image7090.jpg,misc
image7096.jpg,Food
image7097.jpg,Food
image7098.jpg,misc
image7099.jpg,misc
image710.jpg,Food
image7105.jpg,Food
image7106.jpg,Decorationandsignage
image7107.jpg,Food
image7108.jpg,Attire
image7110.jpg,Attire
image7111.jpg,misc
image7115.jpg,Decorationandsignage
image7117.jpg,misc
image7118.jpg,Attire
image712.jpg,Attire
image7123.jpg,Attire
image7125.jpg,Food
image7127.jpg,Attire
image7129.jpg,misc
image7130.jpg,Food
image7132.jpg,Decorationandsignage
image7133.jpg,Attire
image7135.jpg,Attire
image7137.jpg,Attire
image7141.jpg,Food
image7142.jpg,misc
image7143.jpg,Food
image7146.jpg,Food
image7148.jpg,Attire
image7154.jpg,Attire
image7157.jpg,Food
image7160.jpg,Attire
image7163.jpg,Food
image7164.jpg,Food
image7168.jpg,Food
image7170.jpg,Food
image7172.jpg,Attire
image7177.jpg,Attire
image7178.jpg,Attire
image7182.jpg,Food
image7187.jpg,Decorationandsignage
image7188.jpg,Decorationandsignage
image7193.jpg,Food
image7195.jpg,Food
image7198.jpg,Attire
image7199.jpg,Food
image7206.jpg,Attire
image7208.jpg,Food
image721.jpg,misc
image7212.jpg,misc
image7215.jpg,Food
image7217.jpg,Attire
image7218.jpg,Decorationandsignage
image722.jpg,Attire
image7220.jpg,Decorationandsignage
image7222.jpg,Food
image7228.jpg,misc
image723.jpg,Attire
image7241.jpg,Decorationandsignage
image7247.jpg,Attire
image7248.jpg,Attire
image725.jpg,Food
image7252.jpg,Food
image7254.jpg,Attire
image7255.jpg,Attire
image7256.jpg,Attire
image7263.jpg,Decorationandsignage
image7264.jpg,Attire
image7267.jpg,Decorationandsignage
image7268.jpg,Attire
image7272.jpg,Attire
image7275.jpg,misc
image7277.jpg,misc
image7281.jpg,Attire
image7283.jpg,Food
image7285.jpg,Food
image7287.jpg,Decorationandsignage
image7289.jpg,Food
image7294.jpg,misc
image7295.jpg,Attire
image7296.jpg,Decorationandsignage
image7301.jpg,Food
image7303.jpg,Decorationandsignage
image7304.jpg,Attire
image7306.jpg,Attire
image7308.jpg,Food
image7311.jpg,misc
image7312.jpg,Food
image7313.jpg,Food
image7315.jpg,Attire
image7317.jpg,Food
image7318.jpg,Attire
image7324.jpg,misc
image7325.jpg,Attire
image7326.jpg,misc
image7328.jpg,misc
image7330.jpg,Decorationandsignage
image7334.jpg,misc
image7338.jpg,Attire
image7339.jpg,misc
image7344.jpg,Food
image7345.jpg,Food
image7352.jpg,Food
image7355.jpg,Attire
image736.jpg,Food
image7362.jpg,Food
image7368.jpg,Food
image7371.jpg,Food
image7375.jpg,misc
image7377.jpg,Attire
image7380.jpg,Attire
image7383.jpg,Food
image7386.jpg,Food
image7399.jpg,Attire
image740.jpg,Decorationandsignage
image7400.jpg,Food
image7403.jpg,Food
image7405.jpg,Food
image7408.jpg,Food
image7410.jpg,misc
image7411.jpg,misc
image7412.jpg,Attire
image7414.jpg,Food
image7416.jpg,Food
image7417.jpg,Food
image7418.jpg,Food
image7420.jpg,Food
image7421.jpg,Food
image7425.jpg,misc
image7428.jpg,Food
image743.jpg,Attire
image7430.jpg,Food
image7431.jpg,Food
image7434.jpg,Food
image7435.jpg,Food
image7436.jpg,Food
image7437.jpg,Attire
image744.jpg,misc
image7440.jpg,Attire
image7442.jpg,Decorationandsignage
image7445.jpg,Food
image7446.jpg,misc
image745.jpg,Food
image7456.jpg,Food
image7457.jpg,Food
image7458.jpg,Food
image7460.jpg,Food
image7474.jpg,Food
image7478.jpg,Food
image7482.jpg,Attire
image7485.jpg,misc
image7487.jpg,Attire
image7495.jpg,misc
image7498.jpg,misc
image7499.jpg,Food
image75.jpg,Decorationandsignage
image750.jpg,Decorationandsignage
image7501.jpg,Attire
image7503.jpg,Attire
image7505.jpg,misc
image7506.jpg,Food
image7509.jpg,Food
image7511.jpg,Food
image7512.jpg,Food
image7516.jpg,Food
image7517.jpg,Food
image7519.jpg,Food
image7523.jpg,Attire
image7528.jpg,Food
image7529.jpg,Attire
image753.jpg,Decorationandsignage
image7530.jpg,Food
image7534.jpg,misc
image7535.jpg,Attire
image7536.jpg,Food
image7537.jpg,Decorationandsignage
image7539.jpg,misc
image7540.jpg,Attire
image7545.jpg,misc
image7548.jpg,Food
image7549.jpg,misc
image7559.jpg,Food
image7564.jpg,Attire
image7565.jpg,Food
image7569.jpg,Attire
image7572.jpg,Food
image7576.jpg,Decorationandsignage
image7582.jpg,misc
image7585.jpg,Decorationandsignage
image7588.jpg,Food
image759.jpg,Decorationandsignage
image7595.jpg,Food
image7597.jpg,Attire
image7599.jpg,Food
image76.jpg,Food
image7601.jpg,Food
image7603.jpg,Food
image7604.jpg,Food
image7606.jpg,Attire
image7609.jpg,misc
image761.jpg,Attire
image7616.jpg,Decorationandsignage
image7620.jpg,Attire
image7624.jpg,Food
image7631.jpg,Attire
image7632.jpg,Food
image7633.jpg,Food
image7640.jpg,Decorationandsignage
image7643.jpg,Food
image7646.jpg,Attire
image7649.jpg,Food
image7658.jpg,Food
image7659.jpg,Food
image7660.jpg,Attire
image7663.jpg,Attire
image7664.jpg,Food
image7666.jpg,Food
image7667.jpg,Decorationandsignage
image7672.jpg,Food
image7682.jpg,Food
image7685.jpg,Attire
image7693.jpg,misc
image7694.jpg,Food
image7699.jpg,Food
image770.jpg,Decorationandsignage
image7709.jpg,Attire
image7714.jpg,Attire
image7717.jpg,Food
image7719.jpg,Attire
image7723.jpg,Attire
image7727.jpg,Attire
image7730.jpg,Attire
image7731.jpg,Food
image7732.jpg,Decorationandsignage
image7734.jpg,Food
image7736.jpg,Attire
image7738.jpg,Food
image7740.jpg,Attire
image7742.jpg,Food
image7751.jpg,Food
image7752.jpg,misc
image7753.jpg,Food
image7761.jpg,Food
image7763.jpg,Attire
image7765.jpg,Food
image7767.jpg,Attire
image7768.jpg,misc
image7772.jpg,Food
image7776.jpg,Food
image7782.jpg,misc
image7791.jpg,Attire
image7793.jpg,misc
image7795.jpg,Food
image7800.jpg,Food
image7801.jpg,misc
image7803.jpg,Attire
image7805.jpg,misc
image7808.jpg,Food
image7809.jpg,Food
image7812.jpg,Attire
image7815.jpg,Food
image7821.jpg,Food
image7825.jpg,Attire
image7826.jpg,Decorationandsignage
image7827.jpg,Food
image7838.jpg,Decorationandsignage
image7839.jpg,misc
image784.jpg,Food
image7841.jpg,misc
image7844.jpg,Decorationandsignage
image7845.jpg,Food
image7847.jpg,misc
image7850.jpg,misc
image7853.jpg,Food
image7856.jpg,Decorationandsignage
image7857.jpg,Attire
image7859.jpg,Attire
image7860.jpg,Food
image7862.jpg,Food
image7865.jpg,misc
image7868.jpg,Food
image7869.jpg,Food
image7872.jpg,Attire
image7873.jpg,Food
image7879.jpg,Food
image7886.jpg,Food
image7887.jpg,Food
image7888.jpg,misc
image7889.jpg,Attire
image7892.jpg,misc
image7895.jpg,Attire
image7900.jpg,Food
image7903.jpg,Food
image7905.jpg,misc
image7913.jpg,Attire
image7916.jpg,Food
image792.jpg,misc
image7920.jpg,Attire
image7922.jpg,Food
image7924.jpg,Food
image7927.jpg,misc
image7929.jpg,Attire
image7932.jpg,Attire
image7934.jpg,Food
image7939.jpg,Decorationandsignage
image7940.jpg,Food
image7942.jpg,Food
image7943.jpg,Food
image7944.jpg,Food
image7951.jpg,misc
image7952.jpg,Decorationandsignage
image7954.jpg,Food
image7957.jpg,Food
image7959.jpg,Food
image796.jpg,Food
image7963.jpg,Food
image7965.jpg,misc
image7967.jpg,Food
image797.jpg,misc
image7977.jpg,Food
image7987.jpg,Attire
image7989.jpg,Decorationandsignage
image7992.jpg,Attire
image7993.jpg,Attire
image7994.jpg,Decorationandsignage
image7995.jpg,misc
image7996.jpg,Food
image8003.jpg,Food
image8011.jpg,Food
image8016.jpg,Food
image8017.jpg,Attire
image8018.jpg,misc
image802.jpg,misc
image8024.jpg,Food
image8025.jpg,Food
image8027.jpg,Food
image8028.jpg,Food
image803.jpg,Attire
image8030.jpg,Attire
image8032.jpg,Food
image8033.jpg,Food
image8039.jpg,Food
image8049.jpg,Attire
image8052.jpg,misc
image8053.jpg,Attire
image8054.jpg,misc
image8055.jpg,misc
image8058.jpg,Decorationandsignage
image8059.jpg,Attire
image8064.jpg,Food
image8067.jpg,Food
image8070.jpg,Attire
image8075.jpg,Food
image8077.jpg,Attire
image808.jpg,Food
image8086.jpg,Food
image8087.jpg,misc
image8090.jpg,Attire
image8091.jpg,Attire
image8094.jpg,misc
image8095.jpg,Food
image8099.jpg,Food
image8101.jpg,Food
image8102.jpg,Attire
image8103.jpg,Attire
image8104.jpg,Attire
image8105.jpg,misc
image8107.jpg,Food
image8108.jpg,Food
image8110.jpg,Food
image8115.jpg,Food
image8120.jpg,misc
image8121.jpg,Decorationandsignage
image8123.jpg,Food
image8127.jpg,Food
image8135.jpg,Attire
image8136.jpg,Attire
image8140.jpg,misc
image8144.jpg,Food
image8147.jpg,Food
image8149.jpg,Attire
image8150.jpg,Food
image8156.jpg,Food
image8164.jpg,misc
image8165.jpg,Attire
image8167.jpg,Decorationandsignage
image8169.jpg,Attire
image8174.jpg,Food
image8175.jpg,misc
image8177.jpg,Attire
image8178.jpg,Attire
image818.jpg,Food
image8183.jpg,misc
image8187.jpg,Decorationandsignage
image819.jpg,Attire
image8192.jpg,Decorationandsignage
image8193.jpg,Food
image8198.jpg,Food
image8199.jpg,Decorationandsignage
image82.jpg,Food
image8201.jpg,Food
image8202.jpg,Food
image8204.jpg,Food
image8205.jpg,Food
image8208.jpg,Food
image8213.jpg,Attire
image8217.jpg,misc
image8220.jpg,Attire
image8222.jpg,misc
image8224.jpg,Food
image8227.jpg,misc
image8231.jpg,Food
image8232.jpg,Attire
image8233.jpg,Decorationandsignage
image8239.jpg,misc
image824.jpg,Food
image8241.jpg,misc
image8242.jpg,Food
image8245.jpg,Food
image8251.jpg,misc
image8257.jpg,misc
image8261.jpg,misc
image8264.jpg,Decorationandsignage
image8267.jpg,Food
image8268.jpg,Decorationandsignage
image8269.jpg,Decorationandsignage
image8270.jpg,Food
image8271.jpg,misc
image8273.jpg,Attire
image8274.jpg,Attire
image8276.jpg,Food
image8277.jpg,Food
image8279.jpg,Food
image8282.jpg,Decorationandsignage
image8288.jpg,misc
image8291.jpg,Attire
image8292.jpg,Decorationandsignage
image8299.jpg,Food
image8300.jpg,misc
image8302.jpg,Attire
image8311.jpg,Food
image8312.jpg,Food
image8317.jpg,Decorationandsignage
image832.jpg,Food
image8321.jpg,Food
image8327.jpg,Attire
image8328.jpg,Food
image8333.jpg,Food
image8339.jpg,Attire
image8342.jpg,Decorationandsignage
image8347.jpg,Food
image8349.jpg,Decorationandsignage
image8358.jpg,Food
image8362.jpg,Attire
image8363.jpg,Food
image837.jpg,Food
image8373.jpg,Decorationandsignage
image8379.jpg,Food
image8381.jpg,Food
image8384.jpg,Food
image8386.jpg,misc
image8389.jpg,Attire
image8395.jpg,Food
image8397.jpg,misc
image8398.jpg,Food
image8404.jpg,misc
image8410.jpg,Decorationandsignage
image8412.jpg,Food
image8417.jpg,Food
image8419.jpg,Attire
image8421.jpg,misc
image8422.jpg,misc
image8427.jpg,Food
image8428.jpg,Attire
image8429.jpg,misc
image8430.jpg,Food
image8432.jpg,Attire
image8434.jpg,Food
image8439.jpg,Attire
image8440.jpg,Food
image8449.jpg,Decorationandsignage
image845.jpg,Attire
image8452.jpg,Food
image8457.jpg,Food
image846.jpg,Decorationandsignage
image8462.jpg,Food
image8465.jpg,Attire
image8468.jpg,Decorationandsignage
image8472.jpg,Food
image8473.jpg,misc
image8474.jpg,Food
image8478.jpg,misc
image848.jpg,Food
image8480.jpg,Attire
image8482.jpg,Decorationandsignage
image8485.jpg,Food
image8489.jpg,Attire
image8490.jpg,Food
image8493.jpg,Attire
image8497.jpg,Food
image85.jpg,Food
image8500.jpg,misc
image8503.jpg,Food
image8506.jpg,Attire
image8513.jpg,misc
image8517.jpg,Decorationandsignage
image8525.jpg,Food
image8527.jpg,Food
image8528.jpg,Food
image8530.jpg,misc
image8532.jpg,Decorationandsignage
image8537.jpg,Food
image8538.jpg,Attire
image8543.jpg,Food
image8544.jpg,Food
image8545.jpg,Attire
image8546.jpg,Attire
image8549.jpg,Attire
image8551.jpg,Decorationandsignage
image8563.jpg,misc
image8564.jpg,Attire
image8566.jpg,Attire
image8567.jpg,Food
image8569.jpg,misc
image8572.jpg,Decorationandsignage
image8573.jpg,Attire
image8577.jpg,Decorationandsignage
image8578.jpg,Attire
image8579.jpg,Food
image8584.jpg,misc
image8586.jpg,Attire
image8587.jpg,misc
image8593.jpg,Attire
image8595.jpg,Attire
image8599.jpg,Food
image8600.jpg,Decorationandsignage
image8601.jpg,Attire
image8603.jpg,Food
image8604.jpg,Food
image8607.jpg,misc
image861.jpg,Attire
image8610.jpg,Food
image8612.jpg,misc
image8613.jpg,misc
image8619.jpg,Food
image8620.jpg,Food
image8622.jpg,Food
image8623.jpg,Attire
image8625.jpg,Food
image8629.jpg,misc
image8638.jpg,Attire
image8641.jpg,Food
image8645.jpg,misc
image8646.jpg,Attire
image8650.jpg,Attire
image8652.jpg,Attire
image8653.jpg,misc
image8656.jpg,misc
image8657.jpg,Food
image8658.jpg,Attire
image866.jpg,Food
image8660.jpg,Attire
image8664.jpg,Food
image8666.jpg,Food
image8667.jpg,Decorationandsignage
image8672.jpg,Food
image8673.jpg,Food
image8675.jpg,Attire
image8676.jpg,Attire
image8678.jpg,Attire
image8681.jpg,misc
image8682.jpg,misc
image8684.jpg,misc
image8686.jpg,misc
image8688.jpg,Attire
image869.jpg,Decorationandsignage
image8690.jpg,misc
image8691.jpg,Food
image8692.jpg,Food
image8700.jpg,misc
image8708.jpg,Decorationandsignage
image8709.jpg,Food
image871.jpg,Food
image8710.jpg,misc
image8711.jpg,Food
image8714.jpg,Attire
image8715.jpg,Attire
image8723.jpg,Decorationandsignage
image8724.jpg,Food
image8725.jpg,Food
image8726.jpg,misc
image8727.jpg,Food
image8728.jpg,Food
image8730.jpg,misc
image8731.jpg,Attire
image8733.jpg,Food
image8735.jpg,misc
image8737.jpg,misc
image8739.jpg,Food
image8740.jpg,misc
image8742.jpg,Attire
image8751.jpg,Attire
image8754.jpg,Attire
image8755.jpg,Decorationandsignage
image8758.jpg,Food
image8760.jpg,Decorationandsignage
image8761.jpg,Food
image8762.jpg,Attire
image8763.jpg,Attire
image8764.jpg,Attire
image8765.jpg,Attire
image8766.jpg,Food
image8772.jpg,Food
image8775.jpg,Decorationandsignage
image878.jpg,misc
image8780.jpg,Decorationandsignage
image8782.jpg,Food
image8784.jpg,misc
image8785.jpg,Attire
image8787.jpg,Attire
image8789.jpg,Attire
image8790.jpg,Food
image8794.jpg,Attire
image8800.jpg,Food
image8803.jpg,Food
image8812.jpg,Attire
image8818.jpg,Food
image8820.jpg,Attire
image8824.jpg,Attire
image8826.jpg,Decorationandsignage
image8827.jpg,misc
image8828.jpg,Food
image8831.jpg,Decorationandsignage
image8834.jpg,Food
image8838.jpg,misc
image884.jpg,Food
image8841.jpg,Attire
image8843.jpg,Attire
image8853.jpg,Food
image8855.jpg,Food
image8856.jpg,Attire
image8864.jpg,Food
image8865.jpg,misc
image8867.jpg,Attire
image8874.jpg,Food
image8878.jpg,Food
image8881.jpg,misc
image8885.jpg,Food
image8889.jpg,misc
image8891.jpg,Food
image8894.jpg,Attire
image8901.jpg,Food
image8910.jpg,Attire
image8912.jpg,Decorationandsignage
image8917.jpg,Food
image8918.jpg,Attire
image892.jpg,misc
image8921.jpg,misc
image8924.jpg,misc
image8927.jpg,Attire
image8930.jpg,Food
image8935.jpg,misc
image8938.jpg,misc
image8941.jpg,Food
image8947.jpg,misc
image8948.jpg,Attire
image895.jpg,Food
image8951.jpg,Attire
image8952.jpg,Food
image8956.jpg,Food
image8957.jpg,Food
image896.jpg,Decorationandsignage
image8961.jpg,Attire
image8965.jpg,Food
image8966.jpg,misc
image8967.jpg,misc
image8968.jpg,misc
image8980.jpg,Food
image8981.jpg,misc
image8988.jpg,Attire
image8994.jpg,misc
image8998.jpg,Food
image9002.jpg,Attire
image9004.jpg,Food
image9005.jpg,Attire
image9006.jpg,Food
image9010.jpg,Attire
image9020.jpg,Food
image9025.jpg,Food
image9029.jpg,Decorationandsignage
image9033.jpg,Attire
image9036.jpg,Food
image9037.jpg,misc
image9049.jpg,Decorationandsignage
image905.jpg,misc
image9057.jpg,Attire
image9058.jpg,Attire
image9060.jpg,misc
image9061.jpg,Food
image9062.jpg,Decorationandsignage
image9064.jpg,Food
image9066.jpg,Food
image9069.jpg,Food
image9072.jpg,Decorationandsignage
image9081.jpg,Attire
image9085.jpg,Food
image9089.jpg,Food
image9090.jpg,misc
image9095.jpg,Decorationandsignage
image9097.jpg,Food
image9098.jpg,Food
image9105.jpg,Food
image9107.jpg,Attire
image9109.jpg,misc
image9111.jpg,Attire
image9112.jpg,Food
image9113.jpg,Food
image9118.jpg,Food
image9119.jpg,Attire
image9120.jpg,Food
image9121.jpg,Food
image9123.jpg,misc
image9127.jpg,Decorationandsignage
image9130.jpg,Attire
image914.jpg,Food
image9140.jpg,Food
image9143.jpg,Food
image9145.jpg,Attire
image9153.jpg,Attire
image9157.jpg,Attire
image9163.jpg,Food
image9165.jpg,Food
image9168.jpg,Attire
image917.jpg,Attire
image9170.jpg,misc
image9174.jpg,Food
image9175.jpg,misc
image9177.jpg,Food
image9181.jpg,Attire
image9183.jpg,Food
image9190.jpg,Attire
image9191.jpg,Food
image9193.jpg,misc
image9199.jpg,Decorationandsignage
image9200.jpg,misc
image9202.jpg,Food
image9206.jpg,Attire
image9207.jpg,Attire
image9211.jpg,Attire
image9219.jpg,Attire
image9220.jpg,Food
image9221.jpg,Food
image9222.jpg,Attire
image9224.jpg,Food
image923.jpg,Decorationandsignage
image9234.jpg,Decorationandsignage
image9236.jpg,Food
image9238.jpg,Attire
image9240.jpg,Food
image9242.jpg,Food
image9243.jpg,Attire
image9244.jpg,Decorationandsignage
image9249.jpg,Food
image9250.jpg,Food
image9256.jpg,Food
image9258.jpg,misc
image9259.jpg,Food
image926.jpg,Food
image9260.jpg,Attire
image9261.jpg,Food
image9269.jpg,Attire
image9271.jpg,Food
image9273.jpg,Food
image9274.jpg,Food
image9278.jpg,Food
image928.jpg,misc
image9280.jpg,Attire
image9283.jpg,Decorationandsignage
image9291.jpg,misc
image9293.jpg,Decorationandsignage
image9296.jpg,Food
image9299.jpg,misc
image9308.jpg,misc
image9314.jpg,Food
image9319.jpg,Food
image9330.jpg,Food
image9332.jpg,Attire
image9333.jpg,Food
image9334.jpg,Attire
image9341.jpg,misc
image9343.jpg,Food
image9344.jpg,Food
image9345.jpg,Food
image9346.jpg,Attire
image9347.jpg,misc
image9349.jpg,Food
image935.jpg,misc
image9350.jpg,Decorationandsignage
image9351.jpg,Attire
image9352.jpg,Food
image9361.jpg,misc
image9362.jpg,Attire
image9368.jpg,Food
image9372.jpg,Attire
image9374.jpg,Food
image938.jpg,Food
image9380.jpg,misc
image9388.jpg,misc
image9391.jpg,Attire
image9393.jpg,Food
image9403.jpg,Food
image9404.jpg,Food
image9405.jpg,Attire
image9407.jpg,Attire
image9408.jpg,Food
image9411.jpg,Food
image9418.jpg,Food
image9419.jpg,misc
image9420.jpg,Food
image9422.jpg,misc
image9423.jpg,misc
image9429.jpg,Attire
image9432.jpg,misc
image9436.jpg,Food
image9437.jpg,Attire
image9438.jpg,Attire
image9442.jpg,Food
image9443.jpg,Attire
image9448.jpg,Food
image9449.jpg,misc
image9453.jpg,Attire
image9454.jpg,Decorationandsignage
image9458.jpg,misc
image9461.jpg,Decorationandsignage
image9462.jpg,Food
image9465.jpg,Food
image9467.jpg,Food
image9472.jpg,Food
image9478.jpg,Food
image9480.jpg,Food
image9481.jpg,Attire
image9482.jpg,Food
image9484.jpg,misc
image9490.jpg,Food
image9492.jpg,Food
image9493.jpg,misc
image9495.jpg,Food
image9499.jpg,Attire
image9501.jpg,Attire
image9505.jpg,misc
image9508.jpg,Food
image9509.jpg,Attire
image951.jpg,Food
image9511.jpg,Attire
image9517.jpg,Food
image9518.jpg,Food
image9523.jpg,misc
image9524.jpg,misc
image9525.jpg,Food
image9529.jpg,Food
image953.jpg,Attire
image9530.jpg,Food
image9533.jpg,misc
image9538.jpg,misc
image9542.jpg,Attire
image9547.jpg,Food
image9549.jpg,Attire
image9551.jpg,Food
image9553.jpg,Food
image9557.jpg,misc
image956.jpg,misc
image9561.jpg,Food
image9562.jpg,Food
image9563.jpg,Food
image9565.jpg,Attire
image9572.jpg,Food
image9575.jpg,Food
image9576.jpg,Attire
image9577.jpg,Attire
image9580.jpg,Food
image9587.jpg,Attire
image9589.jpg,Attire
image9594.jpg,misc
image9599.jpg,Attire
image9604.jpg,Food
image9612.jpg,misc
image9614.jpg,Food
image9617.jpg,Decorationandsignage
image9619.jpg,Decorationandsignage
image9627.jpg,Attire
image9639.jpg,Decorationandsignage
image964.jpg,Food
image9647.jpg,Decorationandsignage
image965.jpg,Food
image9653.jpg,Food
image9654.jpg,Food
image9655.jpg,misc
image9656.jpg,Attire
image9659.jpg,misc
image9661.jpg,Food
image9664.jpg,misc
image9665.jpg,Food
image9670.jpg,Attire
image9671.jpg,Attire
image9675.jpg,Attire
image9678.jpg,misc
image968.jpg,Attire
image9683.jpg,Attire
image9684.jpg,Attire
image9686.jpg,Food
image9688.jpg,Attire
image9696.jpg,Decorationandsignage
image9698.jpg,misc
image9699.jpg,Food
image9700.jpg,Food
image9701.jpg,Food
image9705.jpg,Attire
image9708.jpg,Food
image9709.jpg,misc
image9712.jpg,Decorationandsignage
image9719.jpg,Attire
image9721.jpg,Attire
image9724.jpg,Food
image9729.jpg,Attire
image9736.jpg,Attire
image974.jpg,Food
image9743.jpg,Attire
image9744.jpg,Food
image9745.jpg,misc
image9746.jpg,Food
image9748.jpg,Attire
image9749.jpg,misc
image9753.jpg,Attire
image9755.jpg,misc
image9759.jpg,Attire
image9760.jpg,Attire
image9765.jpg,Food
image9767.jpg,misc
image9768.jpg,Attire
image9769.jpg,Attire
image9770.jpg,misc
image9772.jpg,Food
image9774.jpg,Food
image9780.jpg,Food
image9782.jpg,Food
image9783.jpg,Attire
image9786.jpg,Food
image9788.jpg,Food
image9789.jpg,Decorationandsignage
image979.jpg,misc
image9790.jpg,Attire
image9791.jpg,Food
image9792.jpg,Attire
image9793.jpg,Food
image9799.jpg,Attire
image9801.jpg,Attire
image9802.jpg,misc
image9805.jpg,Food
image9806.jpg,Attire
image9808.jpg,misc
image9811.jpg,misc
image9824.jpg,Attire
image9828.jpg,misc
image9829.jpg,Food
image9836.jpg,Food
image9837.jpg,Food
image9846.jpg,misc
image9849.jpg,Attire
image9853.jpg,Attire
image9858.jpg,misc
image9862.jpg,Attire
image9864.jpg,misc
image9866.jpg,Decorationandsignage
image9867.jpg,misc
image9869.jpg,Decorationandsignage
image9876.jpg,Attire
image9878.jpg,Attire
image9879.jpg,Food
image9881.jpg,Food
image9882.jpg,Attire
image9884.jpg,Attire
image9885.jpg,Attire
image9887.jpg,misc
image9889.jpg,Attire
image989.jpg,misc
image9892.jpg,Food
image9897.jpg,Attire
image9905.jpg,Decorationandsignage
image9911.jpg,Food
image9913.jpg,Decorationandsignage
image9915.jpg,Attire
image9920.jpg,Food
image9921.jpg,Food
image9923.jpg,Decorationandsignage
image9928.jpg,Food
image9933.jpg,Attire
image9936.jpg,Food
image9939.jpg,Food
image994.jpg,Food
image9942.jpg,Attire
image9944.jpg,Food
image9945.jpg,Food
image995.jpg,misc
image9951.jpg,Food
image9958.jpg,Food
image9961.jpg,Attire
image9964.jpg,Food
image9965.jpg,Food
image9966.jpg,Food
image9969.jpg,Food
image9970.jpg,Food
image9972.jpg,Attire
image9975.jpg,misc
image9977.jpg,misc
image9978.jpg,Food
image9985.jpg,misc
image9986.jpg,Decorationandsignage
image9987.jpg,Decorationandsignage
image9988.jpg,Food
image9989.jpg,Attire
image9995.jpg,Decorationandsignage
image9996.jpg,Attire
image9998.jpg,Food
image9999.jpg,Food
